<application>
  <component name="FileTypeManager" version="17">
    <extensionMap>
      <mapping pattern=".env.example" type=".env file" />
      <mapping pattern=".env." type=".env file" />
      <mapping pattern=".env.dusk.testing" type=".env file" />
      <mapping pattern=".env.travis" type=".env file" />
      <mapping pattern=".env.dusk" type=".env file" />
      <mapping pattern=".env.dusk.local" type=".env file" />
      <mapping pattern=".gitignore_global" type="Git file" />
      <mapping pattern="TrackConversion" type="JavaScript" />
      <mapping pattern="ErrorControllerTest" type="PHP" />
      <mapping pattern=".php_cs" type="PHP" />
      <removed_mapping ext="phtml" approved="true" type="PHP" />
      <removed_mapping ext="hphp" approved="true" type="PHP" />
      <mapping pattern="CoutryMovieControllerTest.php" type="PLAIN_TEXT" />
      <mapping pattern=".env.testing" type="PLAIN_TEXT" />
      <mapping ext="stub" type="PLAIN_TEXT" />
      <mapping pattern="InputPassword" type="Vue.js" />
      <removed_mapping ext="hphp" approved="true" type="PHP" />
      <removed_mapping ext="phtml" approved="true" type="PHP" />
      <removed_mapping pattern=".php_cs" approved="true" type="PLAIN_TEXT" />
      <removed_mapping ext="php_cs" approved="true" type="PHP" />
    </extensionMap>
  </component>
</application>