<application>
  <component name="LogHighlightingSettings">
    <Patterns>
      <list>
        <LogHighlightingPattern pattern="^\s*e(rror)?\s*$" action="HIGHLIGHT_LINE" fg="-3381658" bold="true" stripe="true" />
        <LogHighlightingPattern pattern="^\s*w(arn(ing)?)?\s*$" action="HIGHLIGHT_LINE" fg="-2190497" bold="true" />
        <LogHighlightingPattern pattern="^\s*i(nfo)?\s*$" action="HIGHLIGHT_LINE" fg="-7684425" bold="true" />
        <LogHighlightingPattern pattern="^[^.]+\.(ERROR):" action="HIGHLIGHT_LINE" fg="-3381658" bold="true" stripe="true" />
        <LogHighlightingPattern pattern="^[^.]+\.(DEBUG):" action="HIGHLIGHT_LINE" fg="-5073733" bold="true" />
        <LogHighlightingPattern pattern="^\s*d(ebug)?\s*$" action="HIGHLIGHT_LINE" fg="-5073733" bold="true" />
        <LogHighlightingPattern pattern="^\s*n(otice)?\s*$" action="HIGHLIGHT_LINE" fg="-997772" bold="true" stripe="true" />
        <LogHighlightingPattern pattern="^[^.]+\.(INFO):" action="HIGHLIGHT_LINE" fg="-7684425" bold="true" stripe="true" />
        <LogHighlightingPattern pattern="^[^.]+\.(WARNING):" action="HIGHLIGHT_LINE" fg="-2190497" bold="true" stripe="true" />
      </list>
    </Patterns>
    <parsing>
      <list>
        <LogParsingPattern enabled="false" name="Pipe-separated" pattern="^(?s)([^|]*)\|([^|]*)\|([^|]*)\|(.*)$" timePattern="HH:mm:ss.SSS" linePattern="^\d" timeId="0" severityId="1" categoryId="2" />
        <LogParsingPattern enabled="false" name="IntelliJ IDEA" pattern="^([^\[]+)(\[[\s\d]+])\s*(\w*)\s*-\s*(\S*)\s*-(.+)$" timePattern="yyyy-MM-dd HH:mm:ss,SSS" linePattern="^\d" timeId="0" severityId="2" categoryId="3" />
        <LogParsingPattern enabled="false" name="TeamCity build log" pattern="^\[([^]]+)](.):\s*(\[[^]]+])?(.*)$" timePattern="HH:mm:ss" linePattern="^\[" timeId="0" severityId="1" categoryId="2" />
        <LogParsingPattern name="Laravel" pattern="^\[(.*)\] (.+?)\.([A-Z]+): (.*)" timePattern="yyyy-MM-dd HH:mm:ss" linePattern="^\[" timeId="0" severityId="2" categoryId="1" fullmatch="true" />
      </list>
    </parsing>
    <settingsVersion>4</settingsVersion>
    <lastAddedDefaultFormat>3</lastAddedDefaultFormat>
    <errorStripeModel>normal</errorStripeModel>
    <readonlySizeThreshold>8</readonlySizeThreshold>
  </component>
</application>