<application>
  <component name="MarkdownApplicationSettings">
    <MarkdownCssSettings StylesheetUri="jar:file:/Applications/PhpStorm.app/Contents/plugins/markdown/lib/markdown.jar!/org/intellij/plugins/markdown/settings/darcula.css" />
    <MarkdownPreviewSettings>
      <HtmlPanelProviderInfo>
        <ProviderInfo name="JavaFX WebView" className="org.intellij.plugins.markdown.ui.preview.javafx.JavaFxHtmlPanelProvider" />
      </HtmlPanelProviderInfo>
    </MarkdownPreviewSettings>
  </component>
  <component name="MarkdownSettings" parsingTimeout="10000" smarts="false" quotes="false" abbreviations="false" hardWraps="false" autoLinks="false" wikiLinks="false" tables="false" definitions="false" fencedCodeBlocks="false" suppressHTMLBlocks="false" suppressInlineHTML="false" strikethrough="false" />
</application>